{"name":"7b2ededf-1ec2-4fde-8c77-d22a8aced428","id":"/providers/Microsoft.Flow/flows/7b2ededf-1ec2-4fde-8c77-d22a8aced428","type":"Microsoft.Flow/flows","properties":{"apiId":"/providers/Microsoft.PowerApps/apis/shared_logicflows","displayName":"GetStatusRecurring","definition":{"metadata":{"workflowEntityId":null,"processAdvisorMetadata":null,"flowclientsuspensionreason":"None","flowclientsuspensiontime":null,"creator":{"id":"bb0e3bad-08db-4bfe-bc5d-de4f4f60c7f5","type":"User","tenantId":"fad199a7-dcd8-4605-8d9f-0655b6a366b3"},"provisioningMethod":"FromDefinition","failureAlertSubscription":true,"clientLastModifiedTime":"2021-09-02T11:51:23.2756614Z"},"$schema":"https://schema.management.azure.com/providers/Microsoft.Logic/schemas/2016-06-01/workflowdefinition.json#","contentVersion":"1.0.0.0","parameters":{"$connections":{"defaultValue":{},"type":"Object"},"$authentication":{"defaultValue":{},"type":"SecureObject"}},"triggers":{"Recurrence":{"recurrence":{"frequency":"Day","interval":1,"startTime":"2021-08-29T08:00:00.000Z"},"type":"Recurrence"}},"actions":{"APNs":{"runAfter":{"Time_To_Expiration":["Succeeded"]},"type":"Http","inputs":{"method":"GET","uri":"https://graph.microsoft.com/v1.0/deviceManagement/applePushNotificationCertificate","authentication":{"type":"ActiveDirectoryOAuth","authority":"https://login.microsoft.com","tenant":"@variables('TenantID')","audience":"https://graph.microsoft.com/","clientId":"@variables('ClientID')","secret":"@variables('Secret')"}}},"Parse_JSON":{"runAfter":{"APNs":["Succeeded"]},"type":"ParseJson","inputs":{"content":"@body('APNs')","schema":{"type":"object","properties":{"@@odata.context":{"type":"string"},"id":{"type":"string"},"appleIdentifier":{"type":"string"},"topicIdentifier":{"type":"string"},"lastModifiedDateTime":{"type":"string"},"expirationDateTime":{"type":"string"},"certificateSerialNumber":{"type":"string"},"certificate":{}}}}},"Condition":{"actions":{"Send_push_notification_V2":{"runAfter":{},"type":"OpenApiConnection","inputs":{"host":{"apiId":"/providers/Microsoft.PowerApps/apis/shared_powerappsnotificationv2","connectionName":"shared_powerappsnotificationv2","operationId":"SendPushNotificationV2"},"parameters":{"payload/playerType":"PowerApps","payload/app":"{\n  \"appIdentifier\": \"ba2d1bcd-9a61-46ce-a3b9-964d86067e25\",\n  \"displayName\": \"Intune notifications\",\n  \"type\": \"CanvasApp\"\n}","payload/recipients":"@variables('PushNotificationRecipients')","payload/message":"APNs is about to expire, tap for more info","payload/openApp":true},"authentication":"@parameters('$authentication')"}}},"runAfter":{"Parse_JSON":["Succeeded"]},"expression":{"less":["@body('Parse_JSON')?['expirationDateTime']","@variables('TimeToExpiration')"]},"type":"If"},"ABM":{"runAfter":{"Time_To_Expiration":["Succeeded"]},"type":"Http","inputs":{"method":"GET","uri":"https://graph.microsoft.com/beta/deviceManagement/depOnboardingSettings","authentication":{"type":"ActiveDirectoryOAuth","authority":"https://login.microsoft.com","tenant":"@variables('TenantID')","audience":"https://graph.microsoft.com/","clientId":"@variables('ClientID')","secret":"@variables('Secret')"}}},"Parsa_JSON":{"runAfter":{"ABM":["Succeeded"]},"type":"ParseJson","inputs":{"content":"@body('ABM')","schema":{"type":"object","properties":{"@@odata.context":{"type":"string"},"@@odata.count":{"type":"integer"},"value":{"type":"array","items":{"type":"object","properties":{"id":{"type":"string"},"appleIdentifier":{"type":"string"},"tokenExpirationDateTime":{"type":"string"},"lastModifiedDateTime":{"type":"string"},"lastSuccessfulSyncDateTime":{"type":"string"},"lastSyncTriggeredDateTime":{"type":"string"},"shareTokenWithSchoolDataSyncService":{"type":"boolean"},"lastSyncErrorCode":{"type":"integer"},"tokenType":{"type":"string"},"tokenName":{"type":"string"},"syncedDeviceCount":{"type":"integer"},"dataSharingConsentGranted":{"type":"boolean"},"roleScopeTagIds":{"type":"array","items":{"type":"string"}}},"required":["id","appleIdentifier","tokenExpirationDateTime","lastModifiedDateTime","lastSuccessfulSyncDateTime","lastSyncTriggeredDateTime","shareTokenWithSchoolDataSyncService","lastSyncErrorCode","tokenType","tokenName","syncedDeviceCount","dataSharingConsentGranted","roleScopeTagIds"]}}}}}},"Tillämpa_på_vardera":{"foreach":"@body('Parsa_JSON')?['value']","actions":{"Villkor":{"actions":{"Skicka_push-meddelande_V2":{"runAfter":{},"type":"OpenApiConnection","inputs":{"host":{"apiId":"/providers/Microsoft.PowerApps/apis/shared_powerappsnotificationv2","connectionName":"shared_powerappsnotificationv2","operationId":"SendPushNotificationV2"},"parameters":{"payload/playerType":"PowerApps","payload/app":"{\n  \"appIdentifier\": \"ba2d1bcd-9a61-46ce-a3b9-964d86067e25\",\n  \"displayName\": \"Intune notifications\",\n  \"type\": \"CanvasApp\"\n}","payload/recipients":"@variables('PushNotificationRecipients')","payload/message":"ABM token @{items('Tillämpa_på_vardera')?['tokenName']} expires soon, tap for more info","payload/openApp":true},"authentication":"@parameters('$authentication')"}}},"runAfter":{},"expression":{"less":["@items('Tillämpa_på_vardera')?['tokenExpirationDateTime']","@variables('TimeToExpiration')"]},"type":"If"}},"runAfter":{"Parsa_JSON":["Succeeded"]},"type":"Foreach"},"VPP":{"runAfter":{"Time_To_Expiration":["Succeeded"]},"type":"Http","inputs":{"method":"GET","uri":"https://graph.microsoft.com/beta/deviceAppManagement/vppTokens","authentication":{"type":"ActiveDirectoryOAuth","authority":"https://login.microsoft.com","tenant":"@variables('TenantID')","audience":"https://graph.microsoft.com/","clientId":"@variables('ClientID')","secret":"@variables('Secret')"}}},"Parse_JSON_2":{"runAfter":{"VPP":["Succeeded"]},"type":"ParseJson","inputs":{"content":"@body('VPP')","schema":{"type":"object","properties":{"@@odata.context":{"type":"string"},"value":{"type":"array","items":{"type":"object","properties":{"id":{"type":"string"},"organizationName":{"type":"string"},"vppTokenAccountType":{"type":"string"},"appleId":{"type":"string"},"expirationDateTime":{"type":"string"},"lastSyncDateTime":{"type":"string"},"token":{},"lastModifiedDateTime":{"type":"string"},"state":{"type":"string"},"lastSyncStatus":{"type":"string"},"automaticallyUpdateApps":{"type":"boolean"},"countryOrRegion":{"type":"string"},"dataSharingConsentGranted":{"type":"boolean"},"displayName":{"type":"string"},"locationName":{"type":"string"},"claimTokenManagementFromExternalMdm":{"type":"boolean"},"roleScopeTagIds":{"type":"array","items":{"type":"string"}},"tokenActionResults":{"type":"array"}},"required":["id","organizationName","vppTokenAccountType","appleId","expirationDateTime","lastSyncDateTime","token","lastModifiedDateTime","state","lastSyncStatus","automaticallyUpdateApps","countryOrRegion","dataSharingConsentGranted","displayName","locationName","claimTokenManagementFromExternalMdm","roleScopeTagIds","tokenActionResults"]}}}}}},"Apply_to_each":{"foreach":"@body('Parse_JSON_2')?['value']","actions":{"Condition_2":{"actions":{"Send_push_notification_V2_2":{"runAfter":{},"type":"OpenApiConnection","inputs":{"host":{"apiId":"/providers/Microsoft.PowerApps/apis/shared_powerappsnotificationv2","connectionName":"shared_powerappsnotificationv2","operationId":"SendPushNotificationV2"},"parameters":{"payload/playerType":"PowerApps","payload/app":"{\n  \"appIdentifier\": \"ba2d1bcd-9a61-46ce-a3b9-964d86067e25\",\n  \"displayName\": \"Intune notifications\",\n  \"type\": \"CanvasApp\"\n}","payload/recipients":"@variables('PushNotificationRecipients')","payload/message":"VPP token @{items('Apply_to_each')?['displayName']} expires soon, tap for more info","payload/openApp":true},"authentication":"@parameters('$authentication')"}}},"runAfter":{},"expression":{"less":["@items('Apply_to_each')?['expirationDateTime']","@variables('TimeToExpiration')"]},"type":"If"}},"runAfter":{"Parse_JSON_2":["Succeeded"]},"type":"Foreach"},"Apply_to_each_2":{"foreach":"@body('Parsa_JSON')?['value']","actions":{"Condition_3":{"actions":{"Send_push_notification_V2_3":{"runAfter":{},"type":"OpenApiConnection","inputs":{"host":{"apiId":"/providers/Microsoft.PowerApps/apis/shared_powerappsnotificationv2","connectionName":"shared_powerappsnotificationv2","operationId":"SendPushNotificationV2"},"parameters":{"payload/playerType":"PowerApps","payload/app":"{\n  \"appIdentifier\": \"ba2d1bcd-9a61-46ce-a3b9-964d86067e25\",\n  \"displayName\": \"Intune notifications\",\n  \"type\": \"CanvasApp\"\n}","payload/recipients":"@variables('PushNotificationRecipients')","payload/message":"ABM token @{items('Apply_to_each_2')?['tokenName']} failed to sync, tap for more info","payload/openApp":true},"authentication":"@parameters('$authentication')"}}},"runAfter":{},"expression":{"not":{"equals":["@items('Apply_to_each_2')?['lastSyncErrorCode']",0]}},"type":"If"}},"runAfter":{"Parsa_JSON":["Succeeded"]},"type":"Foreach"},"Apply_to_each_3":{"foreach":"@body('Parse_JSON_2')?['value']","actions":{"Condition_4":{"actions":{"Send_push_notification_V2_4":{"runAfter":{},"type":"OpenApiConnection","inputs":{"host":{"apiId":"/providers/Microsoft.PowerApps/apis/shared_powerappsnotificationv2","connectionName":"shared_powerappsnotificationv2","operationId":"SendPushNotificationV2"},"parameters":{"payload/playerType":"PowerApps","payload/app":"{\n  \"appIdentifier\": \"ba2d1bcd-9a61-46ce-a3b9-964d86067e25\",\n  \"displayName\": \"Intune notifications\",\n  \"type\": \"CanvasApp\"\n}","payload/recipients":"@variables('PushNotificationRecipients')","payload/message":"VPP token @{items('Apply_to_each_3')?['displayName']} failed to sync, tap for more info","payload/openApp":true},"authentication":"@parameters('$authentication')"}}},"runAfter":{},"expression":{"not":{"equals":["@items('Apply_to_each_3')?['lastSyncStatus']","completed"]}},"type":"If"}},"runAfter":{"Parse_JSON_2":["Succeeded"]},"type":"Foreach"},"Push_Notification_Recipients":{"runAfter":{"ClientID":["Succeeded"]},"type":"InitializeVariable","inputs":{"variables":[{"name":"PushNotificationRecipients","type":"array","value":[""]}]}},"TenantID":{"runAfter":{"Secret":["Succeeded"]},"type":"InitializeVariable","inputs":{"variables":[{"name":"TenantID","type":"string"}]}},"ClientID":{"runAfter":{"TenantID":["Succeeded"]},"type":"InitializeVariable","inputs":{"variables":[{"name":"ClientID","type":"string"}]}},"Secret":{"runAfter":{},"type":"InitializeVariable","inputs":{"variables":[{"name":"Secret","type":"string"}]}},"Time_To_Expiration":{"runAfter":{"Push_Notification_Recipients":["Succeeded"]},"type":"InitializeVariable","inputs":{"variables":[{"name":"TimeToExpiration","type":"string","value":"@{addToTime(utcNow(), 300, 'day')}"}]}}}},"connectionReferences":{"shared_powerappsnotificationv2":{"connectionName":"shared-powerappsnoti-bd49a88c-0078-4bc2-97fc-9a45-fc648af9","source":"Embedded","id":"/providers/Microsoft.PowerApps/apis/shared_powerappsnotificationv2","tier":"NotSpecified"}},"flowFailureAlertSubscribed":false}}